filename,label,height,width,t_x,t_y,b_x,b_y
CurbRamp_hfq6OMoUfm3vr5tD9x_L8g_34.jpg,CurbRamp,480,640,274,80,474,180
CurbRamp_hfq6OMoUfm3vr5tD9x_L8g_37.jpg,CurbRamp,480,640,238,242,438,342
CurbRamp_hfq6OMoUfm3vr5tD9x_L8g_38.jpg,CurbRamp,480,640,236,129,436,229
NoCurbRamp_vBRjYSo2WAiZh0hTbiK3wQ_45.jpg,NoCurbRamp,480,640,249,143,449,243
CurbRamp_JgdE_27A6WF_pOrDkg-OBg_124.jpg,CurbRamp,480,640,207,238,407,338
Obstacle_BkyqPSJxp2uflqkqhHMlAA_127.jpg,Obstacle,480,640,169,107,369,207
CurbRamp_aCKX-f79XlYRYTQEtI4nNw_142.jpg,CurbRamp,480,640,157,155,357,255
CurbRamp_peDDksGXPynWexSabBfxVg_148.jpg,CurbRamp,480,640,52,176,252,276
CurbRamp_aCKX-f79XlYRYTQEtI4nNw_149.jpg,CurbRamp,480,640,198,92,398,192
CurbRamp_hfq6OMoUfm3vr5tD9x_L8g_169.jpg,CurbRamp,480,640,274,80,474,180
CurbRamp_hfq6OMoUfm3vr5tD9x_L8g_183.jpg,CurbRamp,480,640,238,242,438,342
CurbRamp_hfq6OMoUfm3vr5tD9x_L8g_187.jpg,CurbRamp,480,640,236,129,436,229
CurbRamp_hfq6OMoUfm3vr5tD9x_L8g_286.jpg,CurbRamp,480,640,274,80,474,180
CurbRamp_hfq6OMoUfm3vr5tD9x_L8g_292.jpg,CurbRamp,480,640,238,242,438,342
CurbRamp_hfq6OMoUfm3vr5tD9x_L8g_294.jpg,CurbRamp,480,640,236,129,436,229
CurbRamp_hfq6OMoUfm3vr5tD9x_L8g_379.jpg,CurbRamp,480,640,274,80,474,180
CurbRamp_hfq6OMoUfm3vr5tD9x_L8g_388.jpg,CurbRamp,480,640,238,242,438,342
CurbRamp_hfq6OMoUfm3vr5tD9x_L8g_390.jpg,CurbRamp,480,640,236,129,436,229
Obstacle_BkyqPSJxp2uflqkqhHMlAA_460.jpg,Obstacle,480,640,169,107,369,207
CurbRamp_hfq6OMoUfm3vr5tD9x_L8g_481.jpg,CurbRamp,480,640,274,80,474,180
CurbRamp_hfq6OMoUfm3vr5tD9x_L8g_490.jpg,CurbRamp,480,640,238,242,438,342
CurbRamp_hfq6OMoUfm3vr5tD9x_L8g_492.jpg,CurbRamp,480,640,236,129,436,229
CurbRamp_4T83oZ2l00WdS0f6bxvp-Q_627.jpg,CurbRamp,480,640,405,205,605,305
CurbRamp_hfq6OMoUfm3vr5tD9x_L8g_639.jpg,CurbRamp,480,640,274,80,474,180
CurbRamp_hfq6OMoUfm3vr5tD9x_L8g_647.jpg,CurbRamp,480,640,238,242,438,342
CurbRamp_hfq6OMoUfm3vr5tD9x_L8g_649.jpg,CurbRamp,480,640,236,129,436,229
CurbRamp_hfq6OMoUfm3vr5tD9x_L8g_711.jpg,CurbRamp,480,640,274,80,474,180
CurbRamp_hfq6OMoUfm3vr5tD9x_L8g_720.jpg,CurbRamp,480,640,238,242,438,342
CurbRamp_hfq6OMoUfm3vr5tD9x_L8g_722.jpg,CurbRamp,480,640,236,129,436,229
CurbRamp_4T83oZ2l00WdS0f6bxvp-Q_790.jpg,CurbRamp,480,640,405,205,605,305
CurbRamp_4T83oZ2l00WdS0f6bxvp-Q_880.jpg,CurbRamp,480,640,405,205,605,305
CurbRamp_hfq6OMoUfm3vr5tD9x_L8g_901.jpg,CurbRamp,480,640,274,80,474,180
CurbRamp_hfq6OMoUfm3vr5tD9x_L8g_909.jpg,CurbRamp,480,640,238,242,438,342
CurbRamp_hfq6OMoUfm3vr5tD9x_L8g_911.jpg,CurbRamp,480,640,236,129,436,229
CurbRamp_4T83oZ2l00WdS0f6bxvp-Q_996.jpg,CurbRamp,480,640,405,205,605,305
CurbRamp_hfq6OMoUfm3vr5tD9x_L8g_1017.jpg,CurbRamp,480,640,274,80,474,180
CurbRamp_hfq6OMoUfm3vr5tD9x_L8g_1021.jpg,CurbRamp,480,640,238,242,438,342
CurbRamp_hfq6OMoUfm3vr5tD9x_L8g_1023.jpg,CurbRamp,480,640,236,129,436,229
CurbRamp_hfq6OMoUfm3vr5tD9x_L8g_1096.jpg,CurbRamp,480,640,274,80,474,180
CurbRamp_hfq6OMoUfm3vr5tD9x_L8g_1105.jpg,CurbRamp,480,640,238,242,438,342
CurbRamp_hfq6OMoUfm3vr5tD9x_L8g_1107.jpg,CurbRamp,480,640,236,129,436,229
CurbRamp__G4TwPeXxGbJVB8Aq_I6qQ_1114.jpg,CurbRamp,480,640,156,212,356,312
CurbRamp_4T83oZ2l00WdS0f6bxvp-Q_1211.jpg,CurbRamp,480,640,405,205,605,305
CurbRamp_hfq6OMoUfm3vr5tD9x_L8g_1258.jpg,CurbRamp,480,640,274,80,474,180
CurbRamp_hfq6OMoUfm3vr5tD9x_L8g_1268.jpg,CurbRamp,480,640,238,242,438,342
CurbRamp_hfq6OMoUfm3vr5tD9x_L8g_1270.jpg,CurbRamp,480,640,236,129,436,229
CurbRamp__G4TwPeXxGbJVB8Aq_I6qQ_1274.jpg,CurbRamp,480,640,156,212,356,312
CurbRamp_hfq6OMoUfm3vr5tD9x_L8g_1404.jpg,CurbRamp,480,640,274,80,474,180
CurbRamp_hfq6OMoUfm3vr5tD9x_L8g_1419.jpg,CurbRamp,480,640,238,242,438,342
CurbRamp_hfq6OMoUfm3vr5tD9x_L8g_1423.jpg,CurbRamp,480,640,236,129,436,229
CurbRamp__G4TwPeXxGbJVB8Aq_I6qQ_1430.jpg,CurbRamp,480,640,156,212,356,312
CurbRamp_hfq6OMoUfm3vr5tD9x_L8g_1538.jpg,CurbRamp,480,640,274,80,474,180
CurbRamp_hfq6OMoUfm3vr5tD9x_L8g_1553.jpg,CurbRamp,480,640,238,242,438,342
CurbRamp_hfq6OMoUfm3vr5tD9x_L8g_1557.jpg,CurbRamp,480,640,236,129,436,229
CurbRamp__G4TwPeXxGbJVB8Aq_I6qQ_1564.jpg,CurbRamp,480,640,156,212,356,312
CurbRamp_hfq6OMoUfm3vr5tD9x_L8g_1678.jpg,CurbRamp,480,640,274,80,474,180
CurbRamp_hfq6OMoUfm3vr5tD9x_L8g_1693.jpg,CurbRamp,480,640,238,242,438,342
CurbRamp_hfq6OMoUfm3vr5tD9x_L8g_1697.jpg,CurbRamp,480,640,236,129,436,229
CurbRamp__G4TwPeXxGbJVB8Aq_I6qQ_1701.jpg,CurbRamp,480,640,156,212,356,312
CurbRamp_4T83oZ2l00WdS0f6bxvp-Q_1819.jpg,CurbRamp,480,640,405,205,605,305
CurbRamp_r5Qy_GYK6JuBHRvAQ4zr6g_1881.jpg,CurbRamp,480,640,166,193,366,293
CurbRamp_r5Qy_GYK6JuBHRvAQ4zr6g_1882.jpg,CurbRamp,480,640,292,178,492,278
Obstacle_LrpSOV2mGYHigPRPkuhcUA_1895.jpg,Obstacle,480,640,121,241,321,341
CurbRamp_4T83oZ2l00WdS0f6bxvp-Q_2033.jpg,CurbRamp,480,640,405,205,605,305
CurbRamp_6V3Kz7WWi35iLW5DAg8SSg_2056.jpg,CurbRamp,480,640,44,293,244,393
CurbRamp_r5Qy_GYK6JuBHRvAQ4zr6g_2116.jpg,CurbRamp,480,640,166,193,366,293
CurbRamp_r5Qy_GYK6JuBHRvAQ4zr6g_2117.jpg,CurbRamp,480,640,292,178,492,278
Obstacle_LrpSOV2mGYHigPRPkuhcUA_2133.jpg,Obstacle,480,640,121,241,321,341
CurbRamp_cMGgGJCQIigjpvSiaAqyPQ_2167.jpg,CurbRamp,480,640,328,81,528,181
Occlusion_WNrj1KWMhlnLSV5he4qO4A_2205.jpg,Occlusion,480,640,-62,233,138,333
CurbRamp_4T83oZ2l00WdS0f6bxvp-Q_2297.jpg,CurbRamp,480,640,405,205,605,305
CurbRamp_hfq6OMoUfm3vr5tD9x_L8g_2359.jpg,CurbRamp,480,640,274,80,474,180
CurbRamp_hfq6OMoUfm3vr5tD9x_L8g_2377.jpg,CurbRamp,480,640,238,242,438,342
CurbRamp_hfq6OMoUfm3vr5tD9x_L8g_2386.jpg,CurbRamp,480,640,236,129,436,229
CurbRamp__G4TwPeXxGbJVB8Aq_I6qQ_2394.jpg,CurbRamp,480,640,156,212,356,312
CurbRamp_hfq6OMoUfm3vr5tD9x_L8g_2512.jpg,CurbRamp,480,640,274,80,474,180
CurbRamp_hfq6OMoUfm3vr5tD9x_L8g_2532.jpg,CurbRamp,480,640,238,242,438,342
CurbRamp_hfq6OMoUfm3vr5tD9x_L8g_2541.jpg,CurbRamp,480,640,236,129,436,229
CurbRamp__G4TwPeXxGbJVB8Aq_I6qQ_2547.jpg,CurbRamp,480,640,156,212,356,312
CurbRamp_hfq6OMoUfm3vr5tD9x_L8g_2675.jpg,CurbRamp,480,640,274,80,474,180
CurbRamp_hfq6OMoUfm3vr5tD9x_L8g_2703.jpg,CurbRamp,480,640,238,242,438,342
CurbRamp_hfq6OMoUfm3vr5tD9x_L8g_2714.jpg,CurbRamp,480,640,236,129,436,229
CurbRamp__G4TwPeXxGbJVB8Aq_I6qQ_2720.jpg,CurbRamp,480,640,156,212,356,312
CurbRamp_hfq6OMoUfm3vr5tD9x_L8g_2830.jpg,CurbRamp,480,640,274,80,474,180
CurbRamp_hfq6OMoUfm3vr5tD9x_L8g_2850.jpg,CurbRamp,480,640,238,242,438,342
CurbRamp_hfq6OMoUfm3vr5tD9x_L8g_2861.jpg,CurbRamp,480,640,236,129,436,229
CurbRamp__G4TwPeXxGbJVB8Aq_I6qQ_2868.jpg,CurbRamp,480,640,156,212,356,312
CurbRamp__G4TwPeXxGbJVB8Aq_I6qQ_3027.jpg,CurbRamp,480,640,156,212,356,312
CurbRamp_4T83oZ2l00WdS0f6bxvp-Q_3133.jpg,CurbRamp,480,640,405,205,605,305
CurbRamp_6V3Kz7WWi35iLW5DAg8SSg_3156.jpg,CurbRamp,480,640,44,293,244,393
CurbRamp_r5Qy_GYK6JuBHRvAQ4zr6g_3208.jpg,CurbRamp,480,640,166,193,366,293
CurbRamp_r5Qy_GYK6JuBHRvAQ4zr6g_3209.jpg,CurbRamp,480,640,292,178,492,278
Obstacle_LrpSOV2mGYHigPRPkuhcUA_3225.jpg,Obstacle,480,640,121,241,321,341
CurbRamp_cMGgGJCQIigjpvSiaAqyPQ_3246.jpg,CurbRamp,480,640,328,81,528,181
Occlusion_WNrj1KWMhlnLSV5he4qO4A_3282.jpg,Occlusion,480,640,-62,233,138,333
CurbRamp_4T83oZ2l00WdS0f6bxvp-Q_3352.jpg,CurbRamp,480,640,405,205,605,305
CurbRamp_6V3Kz7WWi35iLW5DAg8SSg_3375.jpg,CurbRamp,480,640,44,293,244,393
CurbRamp_r5Qy_GYK6JuBHRvAQ4zr6g_3410.jpg,CurbRamp,480,640,166,193,366,293
CurbRamp_r5Qy_GYK6JuBHRvAQ4zr6g_3411.jpg,CurbRamp,480,640,292,178,492,278
Occlusion_WNrj1KWMhlnLSV5he4qO4A_3470.jpg,Occlusion,480,640,-62,233,138,333
CurbRamp_hfq6OMoUfm3vr5tD9x_L8g_3597.jpg,CurbRamp,480,640,274,80,474,180
CurbRamp_hfq6OMoUfm3vr5tD9x_L8g_3627.jpg,CurbRamp,480,640,238,242,438,342
CurbRamp_hfq6OMoUfm3vr5tD9x_L8g_3641.jpg,CurbRamp,480,640,236,129,436,229
CurbRamp__G4TwPeXxGbJVB8Aq_I6qQ_3663.jpg,CurbRamp,480,640,156,212,356,312
CurbRamp_4T83oZ2l00WdS0f6bxvp-Q_3857.jpg,CurbRamp,480,640,405,205,605,305
CurbRamp_6V3Kz7WWi35iLW5DAg8SSg_3880.jpg,CurbRamp,480,640,44,293,244,393
CurbRamp_r5Qy_GYK6JuBHRvAQ4zr6g_3942.jpg,CurbRamp,480,640,166,193,366,293
CurbRamp_r5Qy_GYK6JuBHRvAQ4zr6g_3943.jpg,CurbRamp,480,640,292,178,492,278
Obstacle_LrpSOV2mGYHigPRPkuhcUA_3963.jpg,Obstacle,480,640,121,241,321,341
CurbRamp_hfq6OMoUfm3vr5tD9x_L8g_3981.jpg,CurbRamp,480,640,274,80,474,180
CurbRamp_hfq6OMoUfm3vr5tD9x_L8g_4004.jpg,CurbRamp,480,640,238,242,438,342
CurbRamp_hfq6OMoUfm3vr5tD9x_L8g_4025.jpg,CurbRamp,480,640,236,129,436,229
Occlusion_WNrj1KWMhlnLSV5he4qO4A_4086.jpg,Occlusion,480,640,-62,233,138,333
CurbRamp_BDETNvP43w0-2q7qIDR2zg_4159.jpg,CurbRamp,480,640,274,172,474,272
CurbRamp_BDETNvP43w0-2q7qIDR2zg_4160.jpg,CurbRamp,480,640,439,194,639,294
CurbRamp_4T83oZ2l00WdS0f6bxvp-Q_4314.jpg,CurbRamp,480,640,405,205,605,305
CurbRamp_6V3Kz7WWi35iLW5DAg8SSg_4337.jpg,CurbRamp,480,640,44,293,244,393
CurbRamp_r5Qy_GYK6JuBHRvAQ4zr6g_4397.jpg,CurbRamp,480,640,166,193,366,293
CurbRamp_r5Qy_GYK6JuBHRvAQ4zr6g_4398.jpg,CurbRamp,480,640,292,178,492,278
Obstacle_LrpSOV2mGYHigPRPkuhcUA_4414.jpg,Obstacle,480,640,121,241,321,341
CurbRamp_hfq6OMoUfm3vr5tD9x_L8g_4430.jpg,CurbRamp,480,640,274,80,474,180
CurbRamp_hfq6OMoUfm3vr5tD9x_L8g_4448.jpg,CurbRamp,480,640,238,242,438,342
CurbRamp_hfq6OMoUfm3vr5tD9x_L8g_4467.jpg,CurbRamp,480,640,236,129,436,229
CurbRamp_cMGgGJCQIigjpvSiaAqyPQ_4487.jpg,CurbRamp,480,640,328,81,528,181
Obstacle_vWKi0BSX2dbXA0LA6BmRjA_4491.jpg,Obstacle,480,640,227,149,427,249
CurbRamp_vWKi0BSX2dbXA0LA6BmRjA_4499.jpg,CurbRamp,480,640,258,201,458,301
Occlusion_WNrj1KWMhlnLSV5he4qO4A_4536.jpg,Occlusion,480,640,-62,233,138,333
CurbRamp_hfq6OMoUfm3vr5tD9x_L8g_4642.jpg,CurbRamp,480,640,274,80,474,180
CurbRamp_iDGimYyJfyLiQQTMIan2Tw_4673.jpg,CurbRamp,480,640,188,198,388,298
CurbRamp_hfq6OMoUfm3vr5tD9x_L8g_4697.jpg,CurbRamp,480,640,238,242,438,342
CurbRamp_hfq6OMoUfm3vr5tD9x_L8g_4729.jpg,CurbRamp,480,640,236,129,436,229
CurbRamp__G4TwPeXxGbJVB8Aq_I6qQ_4747.jpg,CurbRamp,480,640,156,212,356,312
CurbRamp_6V3Kz7WWi35iLW5DAg8SSg_4845.jpg,CurbRamp,480,640,44,293,244,393
CurbRamp_r5Qy_GYK6JuBHRvAQ4zr6g_4875.jpg,CurbRamp,480,640,166,193,366,293
CurbRamp_r5Qy_GYK6JuBHRvAQ4zr6g_4876.jpg,CurbRamp,480,640,292,178,492,278
Obstacle_LrpSOV2mGYHigPRPkuhcUA_4892.jpg,Obstacle,480,640,121,241,321,341
Occlusion_WNrj1KWMhlnLSV5he4qO4A_4942.jpg,Occlusion,480,640,-62,233,138,333
CurbRamp_LIaF_YuJReIDZT6MC9yCkA_4998.jpg,CurbRamp,480,640,260,130,460,230
NoCurbRamp_D5ydydCm7c9ncA6y7U60yA_5031.jpg,NoCurbRamp,480,640,473,67,673,167
NoCurbRamp_D5ydydCm7c9ncA6y7U60yA_5032.jpg,NoCurbRamp,480,640,336,240,536,340
CurbRamp_iDGimYyJfyLiQQTMIan2Tw_5109.jpg,CurbRamp,480,640,188,198,388,298
CurbRamp_iDGimYyJfyLiQQTMIan2Tw_5260.jpg,CurbRamp,480,640,188,198,388,298
CurbRamp__G4TwPeXxGbJVB8Aq_I6qQ_5291.jpg,CurbRamp,480,640,156,212,356,312
CurbRamp_iDGimYyJfyLiQQTMIan2Tw_5418.jpg,CurbRamp,480,640,188,198,388,298
CurbRamp_hfq6OMoUfm3vr5tD9x_L8g_5605.jpg,CurbRamp,480,640,274,80,474,180
CurbRamp_hfq6OMoUfm3vr5tD9x_L8g_5637.jpg,CurbRamp,480,640,238,242,438,342
CurbRamp_hfq6OMoUfm3vr5tD9x_L8g_5675.jpg,CurbRamp,480,640,236,129,436,229
CurbRamp_OTOW2C6WIt8JvcZ8YugjFQ_5774.jpg,CurbRamp,480,640,145,136,345,236
CurbRamp_4T83oZ2l00WdS0f6bxvp-Q_5877.jpg,CurbRamp,480,640,405,205,605,305
CurbRamp_6V3Kz7WWi35iLW5DAg8SSg_5898.jpg,CurbRamp,480,640,44,293,244,393
CurbRamp_r5Qy_GYK6JuBHRvAQ4zr6g_5953.jpg,CurbRamp,480,640,166,193,366,293
CurbRamp_r5Qy_GYK6JuBHRvAQ4zr6g_5954.jpg,CurbRamp,480,640,292,178,492,278
Occlusion_WNrj1KWMhlnLSV5he4qO4A_6136.jpg,Occlusion,480,640,-62,233,138,333
CurbRamp_OTOW2C6WIt8JvcZ8YugjFQ_6170.jpg,CurbRamp,480,640,145,136,345,236
CurbRamp_86u3qD2Bwk8gC_y3zEa1kQ_6291.jpg,CurbRamp,480,640,212,79,412,179
CurbRamp_r5Qy_GYK6JuBHRvAQ4zr6g_6319.jpg,CurbRamp,480,640,166,193,366,293
CurbRamp_r5Qy_GYK6JuBHRvAQ4zr6g_6320.jpg,CurbRamp,480,640,292,178,492,278
CurbRamp_T2nLvUHP1RnvGpykuMdJyw_6324.jpg,CurbRamp,480,640,308,115,508,215
CurbRamp_86u3qD2Bwk8gC_y3zEa1kQ_6486.jpg,CurbRamp,480,640,218,166,418,266
CurbRamp_f5T7Pi29NMjIZLwx0g-uCA_6493.jpg,CurbRamp,480,640,190,158,390,258
CurbRamp_f5T7Pi29NMjIZLwx0g-uCA_6497.jpg,CurbRamp,480,640,187,77,387,177
CurbRamp_i3hqcvVAAUilEmIqYynkEQ_6551.jpg,CurbRamp,480,640,225,167,425,267
CurbRamp_b8dNlEUxS3z9-F1CiHBvDQ_6554.jpg,CurbRamp,480,640,297,166,497,266
SurfaceProblem_AuY7_KwGOHrloz9WZAivqg_6624.jpg,SurfaceProblem,480,640,300,38,500,138
CurbRamp_eoKvSTq9lVyCLhuxgHHwDg_6627.jpg,CurbRamp,480,640,44,96,244,196
NoCurbRamp_KOBuDWl_bIL5dNVAsCGePg_6636.jpg,NoCurbRamp,480,640,132,159,332,259
CurbRamp_J6wbuU8aiTabpYVmCMaiTg_6639.jpg,CurbRamp,480,640,236,178,436,278
CurbRamp_fFb-p6spV92jD5l7IXkdcA_6649.jpg,CurbRamp,480,640,190,161,390,261
SurfaceProblem_6bTn4OEfzOCcZ7BvHQ9cLw_6653.jpg,SurfaceProblem,480,640,310,172,510,272
CurbRamp_Rb1vNxUw3l00_VTPWgWwnw_6742.jpg,CurbRamp,480,640,138,194,338,294
CurbRamp_Rb1vNxUw3l00_VTPWgWwnw_6744.jpg,CurbRamp,480,640,68,156,268,256
CurbRamp_JVAkKi0muT8hdRNPE3QK5A_6762.jpg,CurbRamp,480,640,285,187,485,287
CurbRamp_Zy2JiimkKGcM6PnjFqq6_Q_6844.jpg,CurbRamp,480,640,148,134,348,234
CurbRamp_7nNj0FtXp4bXcUGARDOcCg_6856.jpg,CurbRamp,480,640,43,163,243,263
CurbRamp_6fxspclb6X7Eog3AtNidsA_6857.jpg,CurbRamp,480,640,249,194,449,294
CurbRamp_7nNj0FtXp4bXcUGARDOcCg_6903.jpg,CurbRamp,480,640,323,138,523,238
CurbRamp_6fxspclb6X7Eog3AtNidsA_6908.jpg,CurbRamp,480,640,97,91,297,191
CurbRamp_hQosDTopvMST59UWWriYaw_6926.jpg,CurbRamp,480,640,167,178,367,278
CurbRamp_yKFXaZc39lgv0ii26W212g_6941.jpg,CurbRamp,480,640,312,15,512,115
CurbRamp_MxIETD8L6IDR1eRMKx3I4w_6957.jpg,CurbRamp,480,640,192,141,392,241
SurfaceProblem_BJvwNcHqoAIGA-SaCmEm8Q_7037.jpg,SurfaceProblem,480,640,156,109,356,209
SurfaceProblem_BJvwNcHqoAIGA-SaCmEm8Q_7067.jpg,SurfaceProblem,480,640,54,43,254,143
NoCurbRamp_Rnb4CAaUpQn_QD1h4L2Ctw_7286.jpg,NoCurbRamp,480,640,122,146,322,246
NoCurbRamp_Rnb4CAaUpQn_QD1h4L2Ctw_7289.jpg,NoCurbRamp,480,640,244,154,444,254
CurbRamp_gt23oO-vEXNAjCneU35kfg_7327.jpg,CurbRamp,480,640,106,139,306,239
CurbRamp_gt23oO-vEXNAjCneU35kfg_7339.jpg,CurbRamp,480,640,165,118,365,218
SurfaceProblem_AuY7_KwGOHrloz9WZAivqg_7457.jpg,SurfaceProblem,480,640,300,38,500,138
CurbRamp_eoKvSTq9lVyCLhuxgHHwDg_7460.jpg,CurbRamp,480,640,44,96,244,196
CurbRamp_fFb-p6spV92jD5l7IXkdcA_7468.jpg,CurbRamp,480,640,190,161,390,261
SurfaceProblem_6bTn4OEfzOCcZ7BvHQ9cLw_7472.jpg,SurfaceProblem,480,640,310,172,510,272
CurbRamp_cPDAMS3VqUjG43x41B2k7w_7618.jpg,CurbRamp,480,640,235,121,435,221
CurbRamp_JVAkKi0muT8hdRNPE3QK5A_7683.jpg,CurbRamp,480,640,285,187,485,287
CurbRamp_hQosDTopvMST59UWWriYaw_7806.jpg,CurbRamp,480,640,167,178,367,278
NoCurbRamp_BJvwNcHqoAIGA-SaCmEm8Q_7861.jpg,NoCurbRamp,480,640,204,174,404,274
NoCurbRamp_Tbga3IzV-eIJvTELo3wwKQ_7866.jpg,NoCurbRamp,480,640,270,204,470,304
CurbRamp_hinpBv1KrcS24mmjkAJuDQ_8009.jpg,CurbRamp,480,640,101,188,301,288
CurbRamp_Zy2JiimkKGcM6PnjFqq6_Q_8078.jpg,CurbRamp,480,640,148,134,348,234
CurbRamp_MxIETD8L6IDR1eRMKx3I4w_8096.jpg,CurbRamp,480,640,192,141,392,241
CurbRamp_f5T7Pi29NMjIZLwx0g-uCA_8148.jpg,CurbRamp,480,640,190,158,390,258
CurbRamp_f5T7Pi29NMjIZLwx0g-uCA_8152.jpg,CurbRamp,480,640,187,77,387,177
CurbRamp_FnIaJi9V-NiePSBUmtvXyQ_8235.jpg,CurbRamp,480,640,298,-3,498,97
CurbRamp_FnIaJi9V-NiePSBUmtvXyQ_8236.jpg,CurbRamp,480,640,260,32,460,132
CurbRamp_i3hqcvVAAUilEmIqYynkEQ_8299.jpg,CurbRamp,480,640,225,167,425,267
CurbRamp_b8dNlEUxS3z9-F1CiHBvDQ_8302.jpg,CurbRamp,480,640,297,166,497,266
CurbRamp_gYWI1Cwr_8KADWbBQlYkGg_8443.jpg,CurbRamp,480,640,218,69,418,169
CurbRamp_OS9AghbPFMEEgru4N8keEA_8564.jpg,CurbRamp,480,640,353,98,553,198
CurbRamp_395zO8Azf-AAnue2Cga97w_8585.jpg,CurbRamp,480,640,221,162,421,262
NoCurbRamp_395zO8Azf-AAnue2Cga97w_8702.jpg,NoCurbRamp,480,640,340,131,540,231
NoCurbRamp_395zO8Azf-AAnue2Cga97w_8754.jpg,NoCurbRamp,480,640,120,135,320,235
CurbRamp_Ie-zWEp53LVyJNoRrOIeDA_8782.jpg,CurbRamp,480,640,261,277,461,377
CurbRamp_JVAkKi0muT8hdRNPE3QK5A_8991.jpg,CurbRamp,480,640,285,187,485,287
CurbRamp_DwyuC4avXsQOsPLZ1ZbSrw_9059.jpg,CurbRamp,480,640,247,227,447,327
CurbRamp_hinpBv1KrcS24mmjkAJuDQ_9094.jpg,CurbRamp,480,640,101,188,301,288
CurbRamp_Zy2JiimkKGcM6PnjFqq6_Q_9163.jpg,CurbRamp,480,640,148,134,348,234
CurbRamp_7nNj0FtXp4bXcUGARDOcCg_9175.jpg,CurbRamp,480,640,43,163,243,263
CurbRamp_6fxspclb6X7Eog3AtNidsA_9176.jpg,CurbRamp,480,640,249,194,449,294
CurbRamp_7nNj0FtXp4bXcUGARDOcCg_9221.jpg,CurbRamp,480,640,323,138,523,238
CurbRamp_6fxspclb6X7Eog3AtNidsA_9226.jpg,CurbRamp,480,640,97,91,297,191
CurbRamp_hQosDTopvMST59UWWriYaw_9244.jpg,CurbRamp,480,640,167,178,367,278
CurbRamp_MxIETD8L6IDR1eRMKx3I4w_9269.jpg,CurbRamp,480,640,192,141,392,241
CurbRamp_f5T7Pi29NMjIZLwx0g-uCA_9370.jpg,CurbRamp,480,640,190,158,390,258
CurbRamp_f5T7Pi29NMjIZLwx0g-uCA_9374.jpg,CurbRamp,480,640,187,77,387,177
SurfaceProblem_BJvwNcHqoAIGA-SaCmEm8Q_9423.jpg,SurfaceProblem,480,640,156,109,356,209
SurfaceProblem_BJvwNcHqoAIGA-SaCmEm8Q_9445.jpg,SurfaceProblem,480,640,54,43,254,143
SurfaceProblem_AuY7_KwGOHrloz9WZAivqg_9629.jpg,SurfaceProblem,480,640,300,38,500,138
CurbRamp_eoKvSTq9lVyCLhuxgHHwDg_9632.jpg,CurbRamp,480,640,44,96,244,196
NoCurbRamp_KOBuDWl_bIL5dNVAsCGePg_9640.jpg,NoCurbRamp,480,640,132,159,332,259
CurbRamp_fFb-p6spV92jD5l7IXkdcA_9651.jpg,CurbRamp,480,640,190,161,390,261
SurfaceProblem_6bTn4OEfzOCcZ7BvHQ9cLw_9655.jpg,SurfaceProblem,480,640,310,172,510,272
CurbRamp_Rb1vNxUw3l00_VTPWgWwnw_9727.jpg,CurbRamp,480,640,138,194,338,294
CurbRamp_Rb1vNxUw3l00_VTPWgWwnw_9732.jpg,CurbRamp,480,640,68,156,268,256
CurbRamp_cPDAMS3VqUjG43x41B2k7w_9786.jpg,CurbRamp,480,640,235,121,435,221
CurbRamp_JVAkKi0muT8hdRNPE3QK5A_9851.jpg,CurbRamp,480,640,285,187,485,287
CurbRamp_hinpBv1KrcS24mmjkAJuDQ_9939.jpg,CurbRamp,480,640,101,188,301,288
CurbRamp_6fxspclb6X7Eog3AtNidsA_9972.jpg,CurbRamp,480,640,249,194,449,294
CurbRamp_6fxspclb6X7Eog3AtNidsA_10006.jpg,CurbRamp,480,640,97,91,297,191
CurbRamp_hQosDTopvMST59UWWriYaw_10020.jpg,CurbRamp,480,640,167,178,367,278
CurbRamp_MxIETD8L6IDR1eRMKx3I4w_10043.jpg,CurbRamp,480,640,192,141,392,241
NoCurbRamp_BJvwNcHqoAIGA-SaCmEm8Q_10072.jpg,NoCurbRamp,480,640,204,174,404,274
NoCurbRamp_Tbga3IzV-eIJvTELo3wwKQ_10077.jpg,NoCurbRamp,480,640,270,204,470,304
CurbRamp_KORdK8IHxvYAZfm74oaJcw_10113.jpg,CurbRamp,480,640,230,116,430,216
NoCurbRamp_xeqeHxvdnFAC9Cb2sZagoQ_10293.jpg,NoCurbRamp,480,640,54,301,254,401
Obstacle_xeqeHxvdnFAC9Cb2sZagoQ_10328.jpg,Obstacle,480,640,78,228,278,328
NoCurbRamp_Rnb4CAaUpQn_QD1h4L2Ctw_10376.jpg,NoCurbRamp,480,640,122,146,322,246
NoCurbRamp_Rnb4CAaUpQn_QD1h4L2Ctw_10379.jpg,NoCurbRamp,480,640,244,154,444,254
CurbRamp_cPDAMS3VqUjG43x41B2k7w_10734.jpg,CurbRamp,480,640,235,121,435,221
CurbRamp_UdaQ7x_MeIbUF1cPKpSekA_10912.jpg,CurbRamp,480,640,198,127,398,227
NoCurbRamp_xeqeHxvdnFAC9Cb2sZagoQ_10996.jpg,NoCurbRamp,480,640,54,301,254,401
Obstacle_xeqeHxvdnFAC9Cb2sZagoQ_11040.jpg,Obstacle,480,640,78,228,278,328
CurbRamp_26rFiVTk3KsyWU-eYagUeg_11109.jpg,CurbRamp,480,640,83,85,283,185
NoCurbRamp_woHLIX7iqxyDJOGUVPaTvg_11113.jpg,NoCurbRamp,480,640,288,61,488,161
NoCurbRamp_Rnb4CAaUpQn_QD1h4L2Ctw_11114.jpg,NoCurbRamp,480,640,122,146,322,246
CurbRamp_26rFiVTk3KsyWU-eYagUeg_11122.jpg,CurbRamp,480,640,120,66,320,166
NoCurbRamp_Rnb4CAaUpQn_QD1h4L2Ctw_11123.jpg,NoCurbRamp,480,640,244,154,444,254
CurbRamp_26rFiVTk3KsyWU-eYagUeg_11192.jpg,CurbRamp,480,640,65,119,265,219
CurbRamp_cPDAMS3VqUjG43x41B2k7w_11569.jpg,CurbRamp,480,640,235,121,435,221
CurbRamp_BlNSkcw9wU_Lkg-hIEbb4Q_11713.jpg,CurbRamp,480,640,15,369,215,469
CurbRamp_ydA-vpHtADvN7TC0Ul_cHA_11745.jpg,CurbRamp,480,640,66,107,266,207
CurbRamp_yxlJtSDPj6hyV6Kn0Om67g_11749.jpg,CurbRamp,480,640,286,114,486,214
CurbRamp_HsiL_rc5mlfECAfAM6CiFg_11776.jpg,CurbRamp,480,640,300,135,500,235
NoCurbRamp_Bg_paZ4soKCwQZ40gLZ7DA_11778.jpg,NoCurbRamp,480,640,232,118,432,218
NoCurbRamp_Bg_paZ4soKCwQZ40gLZ7DA_11779.jpg,NoCurbRamp,480,640,162,27,362,127
NoCurbRamp_Bg_paZ4soKCwQZ40gLZ7DA_11780.jpg,NoCurbRamp,480,640,60,19,260,119
NoCurbRamp_5Vx3qJFqqtrAkzuRfRL9Uw_11783.jpg,NoCurbRamp,480,640,423,71,623,171
NoCurbRamp_5Vx3qJFqqtrAkzuRfRL9Uw_11784.jpg,NoCurbRamp,480,640,143,26,343,126
CurbRamp_HsiL_rc5mlfECAfAM6CiFg_11803.jpg,CurbRamp,480,640,252,122,452,222
CurbRamp_OsjIZApVCfEN6GzLYtuFtQ_11809.jpg,CurbRamp,480,640,365,28,565,128
NoSidewalk_xbMwciYj5A--69VIh98cEw_11814.jpg,NoSidewalk,480,640,-37,131,163,231
NoSidewalk_cWZ6KthHvFh9qN-7UNoF0g_11815.jpg,NoSidewalk,480,640,28,112,228,212
CurbRamp_BlNSkcw9wU_Lkg-hIEbb4Q_11826.jpg,CurbRamp,480,640,19,83,219,183
CurbRamp_KXi9B2dFNY3pS_T3xWjZcw_11833.jpg,CurbRamp,480,640,376,175,576,275
CurbRamp_KXi9B2dFNY3pS_T3xWjZcw_11834.jpg,CurbRamp,480,640,68,208,268,308
NoSidewalk_C0j1mEP6TSh0iwjy_fOwJA_11913.jpg,NoSidewalk,480,640,119,254,319,354
NoSidewalk_RXzyPM3XcGKrdhknZrc82A_11915.jpg,NoSidewalk,480,640,167,178,367,278
CurbRamp_UdaQ7x_MeIbUF1cPKpSekA_12029.jpg,CurbRamp,480,640,198,127,398,227
CurbRamp_LQjFtku8dD6koInXFGFxLA_12059.jpg,CurbRamp,480,640,235,91,435,191
CurbRamp_26rFiVTk3KsyWU-eYagUeg_12094.jpg,CurbRamp,480,640,83,85,283,185
NoCurbRamp_PxBdkS-EALdVLRwsbsZ6KQ_12097.jpg,NoCurbRamp,480,640,375,70,575,170
CurbRamp_yxlJtSDPj6hyV6Kn0Om67g_12115.jpg,CurbRamp,480,640,381,68,581,168
CurbRamp_LQjFtku8dD6koInXFGFxLA_12119.jpg,CurbRamp,480,640,281,85,481,185
CurbRamp_VjycpA4LNkGks9wNSgDKGA_12125.jpg,CurbRamp,480,640,88,46,288,146
NoCurbRamp_woHLIX7iqxyDJOGUVPaTvg_12127.jpg,NoCurbRamp,480,640,288,61,488,161
CurbRamp_VjycpA4LNkGks9wNSgDKGA_12148.jpg,CurbRamp,480,640,12,51,212,151
CurbRamp_26rFiVTk3KsyWU-eYagUeg_12156.jpg,CurbRamp,480,640,120,66,320,166
CurbRamp_26rFiVTk3KsyWU-eYagUeg_12183.jpg,CurbRamp,480,640,65,119,265,219
CurbRamp_gt23oO-vEXNAjCneU35kfg_12216.jpg,CurbRamp,480,640,106,139,306,239
CurbRamp_gt23oO-vEXNAjCneU35kfg_12228.jpg,CurbRamp,480,640,165,118,365,218
NoCurbRamp_3TbBAFpBcyiVVHaj7kXZ8g_12332.jpg,NoCurbRamp,480,640,181,172,381,272
CurbRamp_1AyYUvUxTKciJidmfchMRg_12385.jpg,CurbRamp,480,640,-1,72,199,172
CurbRamp_1AyYUvUxTKciJidmfchMRg_12386.jpg,CurbRamp,480,640,228,90,428,190
CurbRamp_rC9Wz0xwTvzGcsJi5jE7xQ_12554.jpg,CurbRamp,480,640,124,134,324,234
CurbRamp_1AyYUvUxTKciJidmfchMRg_12563.jpg,CurbRamp,480,640,312,117,512,217
SurfaceProblem_4wA31RhmLjX8927FtkVbhw_12663.jpg,SurfaceProblem,480,640,388,183,588,283
SurfaceProblem_EKMh00u5snL9iCbncZm_ig_12708.jpg,SurfaceProblem,480,640,103,128,303,228
CurbRamp_Nm4Uy0sGFmgq1j0jfZd5wA_12809.jpg,CurbRamp,480,640,183,117,383,217
CurbRamp_Nm4Uy0sGFmgq1j0jfZd5wA_12810.jpg,CurbRamp,480,640,74,124,274,224
CurbRamp_XWpMGpObD51cuicemOxrhA_12874.jpg,CurbRamp,480,640,428,74,628,174
CurbRamp_XWpMGpObD51cuicemOxrhA_12876.jpg,CurbRamp,480,640,122,202,322,302
CurbRamp_I8pkP9ew8TETt0180SIexQ_12880.jpg,CurbRamp,480,640,265,158,465,258
CurbRamp_I8pkP9ew8TETt0180SIexQ_12881.jpg,CurbRamp,480,640,290,106,490,206
CurbRamp_I8pkP9ew8TETt0180SIexQ_12882.jpg,CurbRamp,480,640,374,92,574,192
CurbRamp_I8pkP9ew8TETt0180SIexQ_12883.jpg,CurbRamp,480,640,201,104,401,204
CurbRamp_26rFiVTk3KsyWU-eYagUeg_13213.jpg,CurbRamp,480,640,83,85,283,185
CurbRamp_26rFiVTk3KsyWU-eYagUeg_13214.jpg,CurbRamp,480,640,120,66,320,166
CurbRamp_26rFiVTk3KsyWU-eYagUeg_13273.jpg,CurbRamp,480,640,65,119,265,219
CurbRamp_bawoEf--qpwiENITstQxWw_13569.jpg,CurbRamp,480,640,395,86,595,186
NoSidewalk_3GhSEbzhN2QKNfV8dkm8RQ_13600.jpg,NoSidewalk,480,640,36,109,236,209
CurbRamp_HsiL_rc5mlfECAfAM6CiFg_13604.jpg,CurbRamp,480,640,300,135,500,235
NoSidewalk_VcWAjeSwZ4TgBWx7NSMQsA_13609.jpg,NoSidewalk,480,640,29,105,229,205
NoCurbRamp_Bg_paZ4soKCwQZ40gLZ7DA_13613.jpg,NoCurbRamp,480,640,232,118,432,218
NoCurbRamp_Bg_paZ4soKCwQZ40gLZ7DA_13614.jpg,NoCurbRamp,480,640,162,27,362,127
NoCurbRamp_Bg_paZ4soKCwQZ40gLZ7DA_13615.jpg,NoCurbRamp,480,640,60,19,260,119
CurbRamp_HsiL_rc5mlfECAfAM6CiFg_13624.jpg,CurbRamp,480,640,252,122,452,222
NoSidewalk_Bg_paZ4soKCwQZ40gLZ7DA_13625.jpg,NoSidewalk,480,640,85,82,285,182
NoSidewalk_xbMwciYj5A--69VIh98cEw_13679.jpg,NoSidewalk,480,640,-37,131,163,231
NoSidewalk_cWZ6KthHvFh9qN-7UNoF0g_13680.jpg,NoSidewalk,480,640,28,112,228,212
CurbRamp_KXi9B2dFNY3pS_T3xWjZcw_13687.jpg,CurbRamp,480,640,376,175,576,275
CurbRamp_KXi9B2dFNY3pS_T3xWjZcw_13688.jpg,CurbRamp,480,640,68,208,268,308
NoSidewalk_2gmf_wgfZDYpZ3H6QktcBQ_13690.jpg,NoSidewalk,480,640,-11,132,189,232
CurbRamp_IE-gjeo7o_NIo4bRQ2MsDQ_13697.jpg,CurbRamp,480,640,398,92,598,192
NoSidewalk_5Gnu3-15ap2r0nqjsjoarQ_13703.jpg,NoSidewalk,480,640,1,117,201,217
CurbRamp_BODwyHjZIZhFRdob1FXdZg_13708.jpg,CurbRamp,480,640,168,112,368,212
CurbRamp_BODwyHjZIZhFRdob1FXdZg_13709.jpg,CurbRamp,480,640,160,83,360,183
CurbRamp_BODwyHjZIZhFRdob1FXdZg_13710.jpg,CurbRamp,480,640,-20,139,180,239
CurbRamp_BODwyHjZIZhFRdob1FXdZg_13711.jpg,CurbRamp,480,640,30,124,230,224
CurbRamp_dOaiLaXWfWiaA76wJHpjcg_13747.jpg,CurbRamp,480,640,209,190,409,290
CurbRamp_dOaiLaXWfWiaA76wJHpjcg_13749.jpg,CurbRamp,480,640,-67,210,133,310
CurbRamp_dOaiLaXWfWiaA76wJHpjcg_13768.jpg,CurbRamp,480,640,323,200,523,300
CurbRamp_jqkwu-JQS4Jr8uN40Rc-6A_13793.jpg,CurbRamp,480,640,221,162,421,262
CurbRamp_1iDEraeHENRHlMuvx062bg_13795.jpg,CurbRamp,480,640,70,314,270,414
CurbRamp_JTHVBWsmvEFXnjpjkkvrxQ_13880.jpg,CurbRamp,480,640,-70,131,130,231
Obstacle_a_ewasyaCgSKfcAqw7JqEg_13884.jpg,Obstacle,480,640,108,47,308,147
NoSidewalk_wBCXmi5laUnJwdrBOKUHSw_13886.jpg,NoSidewalk,480,640,355,15,555,115
CurbRamp_wBCXmi5laUnJwdrBOKUHSw_13887.jpg,CurbRamp,480,640,15,85,215,185
CurbRamp_OcY5TbdYxJTzQ8FZuORKpA_13888.jpg,CurbRamp,480,640,371,183,571,283
CurbRamp_A7eAy6aBQ2exvbgklikDtw_13899.jpg,CurbRamp,480,640,221,87,421,187
CurbRamp_MIN0I_7aXzqPRPt2mcbsog_13957.jpg,CurbRamp,480,640,130,200,330,300
CurbRamp_MIN0I_7aXzqPRPt2mcbsog_13958.jpg,CurbRamp,480,640,319,184,519,284
SurfaceProblem_BaYu9Kg2i5v69r418x9uJA_13961.jpg,SurfaceProblem,480,640,230,183,430,283
NoCurbRamp_3TbBAFpBcyiVVHaj7kXZ8g_14001.jpg,NoCurbRamp,480,640,181,172,381,272
NoCurbRamp_3TbBAFpBcyiVVHaj7kXZ8g_14002.jpg,NoCurbRamp,480,640,86,176,286,276
SurfaceProblem_Br6DzMb4z7VHPJoqJv-w5Q_14010.jpg,SurfaceProblem,480,640,204,151,404,251
NoCurbRamp_Bg_paZ4soKCwQZ40gLZ7DA_14161.jpg,NoCurbRamp,480,640,232,118,432,218
NoCurbRamp_Bg_paZ4soKCwQZ40gLZ7DA_14162.jpg,NoCurbRamp,480,640,162,27,362,127
NoCurbRamp_Bg_paZ4soKCwQZ40gLZ7DA_14163.jpg,NoCurbRamp,480,640,60,19,260,119
CurbRamp_Q8sqdG3FPmerJ-76VmK0SA_14177.jpg,CurbRamp,480,640,37,118,237,218
NoSidewalk_Bg_paZ4soKCwQZ40gLZ7DA_14188.jpg,NoSidewalk,480,640,85,82,285,182
CurbRamp_RePb0Yk89MDyYqooPm3vVA_14274.jpg,CurbRamp,480,640,425,72,625,172
NoCurbRamp_RePb0Yk89MDyYqooPm3vVA_14275.jpg,NoCurbRamp,480,640,172,19,372,119
Obstacle_hp5QWbNDSFH1eqncZAWwug_14281.jpg,Obstacle,480,640,369,125,569,225
CurbRamp_4te-QSaYI4JErhj3JuBAew_14296.jpg,CurbRamp,480,640,146,94,346,194
CurbRamp_1iDEraeHENRHlMuvx062bg_14348.jpg,CurbRamp,480,640,70,314,270,414
CurbRamp_A7eAy6aBQ2exvbgklikDtw_14379.jpg,CurbRamp,480,640,221,87,421,187
NoCurbRamp_3TbBAFpBcyiVVHaj7kXZ8g_14539.jpg,NoCurbRamp,480,640,181,172,381,272
NoCurbRamp_3TbBAFpBcyiVVHaj7kXZ8g_14540.jpg,NoCurbRamp,480,640,86,176,286,276
SurfaceProblem_Br6DzMb4z7VHPJoqJv-w5Q_14577.jpg,SurfaceProblem,480,640,204,151,404,251
NoCurbRamp_K-6z0s06OMgte0F9mW0fQw_14697.jpg,NoCurbRamp,480,640,79,62,279,162
CurbRamp_Q4EiZdpQQPtifjaz1BFLBw_14704.jpg,CurbRamp,480,640,347,191,547,291
NoCurbRamp_K-6z0s06OMgte0F9mW0fQw_14742.jpg,NoCurbRamp,480,640,366,93,566,193
NoSidewalk_U4vas7ZtRHVziOw6sFG7Rw_14774.jpg,NoSidewalk,480,640,394,82,594,182
NoSidewalk_U4vas7ZtRHVziOw6sFG7Rw_14775.jpg,NoSidewalk,480,640,-78,75,122,175
NoSidewalk_0xXaV5EQuBEHmgX9OLO6aA_14786.jpg,NoSidewalk,480,640,435,158,635,258
NoSidewalk_0xXaV5EQuBEHmgX9OLO6aA_14787.jpg,NoSidewalk,480,640,2,137,202,237
NoCurbRamp_KJSexkkTG6jaX3mIrx_IDQ_14799.jpg,NoCurbRamp,480,640,122,115,322,215
NoCurbRamp_KJSexkkTG6jaX3mIrx_IDQ_14811.jpg,NoCurbRamp,480,640,443,63,643,163
NoSidewalk_3GhSEbzhN2QKNfV8dkm8RQ_14931.jpg,NoSidewalk,480,640,36,109,236,209
CurbRamp_HsiL_rc5mlfECAfAM6CiFg_14942.jpg,CurbRamp,480,640,300,135,500,235
NoSidewalk_VcWAjeSwZ4TgBWx7NSMQsA_14947.jpg,NoSidewalk,480,640,29,105,229,205
NoCurbRamp_Bg_paZ4soKCwQZ40gLZ7DA_14951.jpg,NoCurbRamp,480,640,232,118,432,218
NoCurbRamp_Bg_paZ4soKCwQZ40gLZ7DA_14952.jpg,NoCurbRamp,480,640,162,27,362,127
NoCurbRamp_Bg_paZ4soKCwQZ40gLZ7DA_14953.jpg,NoCurbRamp,480,640,60,19,260,119
CurbRamp_Q8sqdG3FPmerJ-76VmK0SA_14967.jpg,CurbRamp,480,640,37,118,237,218
CurbRamp_yIYstI6vJM0FfRylXH09rQ_14991.jpg,CurbRamp,480,640,220,83,420,183
NoCurbRamp_yIYstI6vJM0FfRylXH09rQ_14992.jpg,NoCurbRamp,480,640,269,54,469,154
CurbRamp_HsiL_rc5mlfECAfAM6CiFg_14996.jpg,CurbRamp,480,640,252,122,452,222
NoSidewalk_Bg_paZ4soKCwQZ40gLZ7DA_14997.jpg,NoSidewalk,480,640,85,82,285,182
CurbRamp_e49oe5LHI0ao7KDGkgTwKw_15060.jpg,CurbRamp,480,640,201,149,401,249
CurbRamp_RePb0Yk89MDyYqooPm3vVA_15119.jpg,CurbRamp,480,640,425,72,625,172
NoCurbRamp_RePb0Yk89MDyYqooPm3vVA_15120.jpg,NoCurbRamp,480,640,172,19,372,119
Obstacle_hp5QWbNDSFH1eqncZAWwug_15134.jpg,Obstacle,480,640,369,125,569,225
CurbRamp_4te-QSaYI4JErhj3JuBAew_15156.jpg,CurbRamp,480,640,146,94,346,194
NoSidewalk_5Gnu3-15ap2r0nqjsjoarQ_15178.jpg,NoSidewalk,480,640,1,117,201,217
SurfaceProblem_2ZQQsaDzHhXq4YnQT41NuA_15186.jpg,SurfaceProblem,480,640,275,37,475,137
SurfaceProblem_2ZQQsaDzHhXq4YnQT41NuA_15209.jpg,SurfaceProblem,480,640,380,52,580,152
SurfaceProblem_BeoDPuf5n6obnHqwpt2Uow_15254.jpg,SurfaceProblem,480,640,226,152,426,252
CurbRamp_jqkwu-JQS4Jr8uN40Rc-6A_15268.jpg,CurbRamp,480,640,221,162,421,262
CurbRamp_1iDEraeHENRHlMuvx062bg_15270.jpg,CurbRamp,480,640,70,314,270,414
CurbRamp_JTHVBWsmvEFXnjpjkkvrxQ_15367.jpg,CurbRamp,480,640,-70,131,130,231
Obstacle_a_ewasyaCgSKfcAqw7JqEg_15371.jpg,Obstacle,480,640,108,47,308,147
NoSidewalk_wBCXmi5laUnJwdrBOKUHSw_15373.jpg,NoSidewalk,480,640,355,15,555,115
CurbRamp_wBCXmi5laUnJwdrBOKUHSw_15374.jpg,CurbRamp,480,640,15,85,215,185
CurbRamp_OcY5TbdYxJTzQ8FZuORKpA_15375.jpg,CurbRamp,480,640,371,183,571,283
CurbRamp_A7eAy6aBQ2exvbgklikDtw_15386.jpg,CurbRamp,480,640,221,87,421,187
CurbRamp_e49oe5LHI0ao7KDGkgTwKw_15400.jpg,CurbRamp,480,640,80,122,280,222
NoCurbRamp_yALXO84iWAB-SoNftTUbJg_15479.jpg,NoCurbRamp,480,640,194,125,394,225
CurbRamp_sp0-DcyK5wj8CykctLTujg_15488.jpg,CurbRamp,480,640,293,106,493,206
CurbRamp_MIN0I_7aXzqPRPt2mcbsog_15523.jpg,CurbRamp,480,640,130,200,330,300
CurbRamp_MIN0I_7aXzqPRPt2mcbsog_15524.jpg,CurbRamp,480,640,319,184,519,284
CurbRamp_GRs3wThUusCIBRA5y33WMg_15550.jpg,CurbRamp,480,640,-2,11,198,111
CurbRamp_6Go5c9pa20LYNdm5xv39Bw_15617.jpg,CurbRamp,480,640,23,128,223,228
NoCurbRamp_3TbBAFpBcyiVVHaj7kXZ8g_15773.jpg,NoCurbRamp,480,640,181,172,381,272
NoCurbRamp_3TbBAFpBcyiVVHaj7kXZ8g_15774.jpg,NoCurbRamp,480,640,86,176,286,276
SurfaceProblem_Br6DzMb4z7VHPJoqJv-w5Q_15830.jpg,SurfaceProblem,480,640,204,151,404,251
NoCurbRamp_K-6z0s06OMgte0F9mW0fQw_16025.jpg,NoCurbRamp,480,640,79,62,279,162
CurbRamp_Q4EiZdpQQPtifjaz1BFLBw_16032.jpg,CurbRamp,480,640,347,191,547,291
NoCurbRamp_K-6z0s06OMgte0F9mW0fQw_16072.jpg,NoCurbRamp,480,640,366,93,566,193
NoSidewalk_U4vas7ZtRHVziOw6sFG7Rw_16106.jpg,NoSidewalk,480,640,394,82,594,182
NoSidewalk_U4vas7ZtRHVziOw6sFG7Rw_16107.jpg,NoSidewalk,480,640,-78,75,122,175
NoSidewalk_0xXaV5EQuBEHmgX9OLO6aA_16118.jpg,NoSidewalk,480,640,435,158,635,258
NoSidewalk_0xXaV5EQuBEHmgX9OLO6aA_16119.jpg,NoSidewalk,480,640,2,137,202,237
CurbRamp_PkZQTKOvpzsXAn2P2O_OIg_16136.jpg,CurbRamp,480,640,88,148,288,248
CurbRamp_PkZQTKOvpzsXAn2P2O_OIg_16137.jpg,CurbRamp,480,640,223,128,423,228
NoCurbRamp_KJSexkkTG6jaX3mIrx_IDQ_16150.jpg,NoCurbRamp,480,640,122,115,322,215
NoCurbRamp_KJSexkkTG6jaX3mIrx_IDQ_16170.jpg,NoCurbRamp,480,640,443,63,643,163
CurbRamp_bawoEf--qpwiENITstQxWw_16258.jpg,CurbRamp,480,640,395,86,595,186
CurbRamp_JlxfYOeREmcZr1DQD2cxCQ_16286.jpg,CurbRamp,480,640,258,111,458,211
NoSidewalk_ALz1eixlxAOu_FzMocL-Mg_16362.jpg,NoSidewalk,480,640,477,88,677,188
NoSidewalk_ALz1eixlxAOu_FzMocL-Mg_16369.jpg,NoSidewalk,480,640,256,18,456,118
NoCurbRamp_vo3o4QiV0Rf-xf0oBhA-9Q_16592.jpg,NoCurbRamp,480,640,233,51,433,151
NoCurbRamp_gmHVs1Ozn1mdNiGbd_q1Ng_16600.jpg,NoCurbRamp,480,640,253,15,453,115
CurbRamp_eP54Wn5XXmVlDbz5ifke9w_16601.jpg,CurbRamp,480,640,425,113,625,213
CurbRamp_eP54Wn5XXmVlDbz5ifke9w_16610.jpg,CurbRamp,480,640,12,94,212,194
NoCurbRamp_wBG1_HtkAl9gfgZQdDJYUg_16678.jpg,NoCurbRamp,480,640,149,100,349,200
NoSidewalk_TjuiglidurGbbWcyEU5cCQ_16799.jpg,NoSidewalk,480,640,454,195,654,295
Obstacle_RPSJm3NUI6w1XwBraz1RXg_16912.jpg,Obstacle,480,640,5,33,205,133
CurbRamp_0VvqXySv_M8Aq3VrvT6m6w_16918.jpg,CurbRamp,480,640,234,16,434,116
CurbRamp_bfa110lMdxKlg7KC7BLIUw_17126.jpg,CurbRamp,480,640,-19,132,181,232
CurbRamp_bfa110lMdxKlg7KC7BLIUw_17127.jpg,CurbRamp,480,640,210,113,410,213
CurbRamp_bfa110lMdxKlg7KC7BLIUw_17128.jpg,CurbRamp,480,640,468,104,668,204
CurbRamp_0MnIOjAAwlurQFiNLyo90A_17312.jpg,CurbRamp,480,640,132,114,332,214
CurbRamp_0MnIOjAAwlurQFiNLyo90A_17313.jpg,CurbRamp,480,640,134,80,334,180
